Uniprot,Gene
A0A024QYW7,PIM2
A0A024QZ12,NLK
A0A024QZ20,MAPK7
A0A024QZA8,EPHA2
A0A024QZP7,CDK1
A0A024QZV1,PLK2
A0A024R048,FLJ30596
A0A024R0L5,GSK3A
A0A024R1D8,ADRBK2
A0A024R230,NTRK2
A0A024R244,SYK
A0A024R273,SYK
A0A024R2A0,ROR2
A0A024R2W7,MAPKAPK3
A0A024R328,PRKCD
A0A024R3C7,ATM
A0A024R495,DGKD
A0A024R4H1,PIK3CD
A0A024R567,MAP4K2
A0A024R5E6,MAP3K11
A0A024R5W3,hCG_2004507
A0A024R5X5,MAP2K5
A0A024R5Y2,MAP2K5
A0A024R5Z9,PKM2
A0A024R603,DAPK2
A0A024R604,hCG_2004507
A0A024R609,PKM2
A0A024R6N2,CDC42BPB
A0A024R720,PIK3CG
A0A024R728,MET
A0A024R759,MET
A0A024R7E4,TYK2
A0A024R7J0,PRKACA
A0A024R7M7,JAK3
A0A024R7P8,FGFR4
A0A024R7Q5,TSSK6
A0A024R7S1,FGFR4
A0A024R7S5,RET
A0A024R7T1,RET
A0A024R7T2,RET
A0A024R807,SGK3
A0A024R880,CDK9
A0A024R8A6,NEK6
A0A024R8E2,ABL1
A0A024R8K3,MAP2K6
A0A024R8N6,TK1
A0A024R8R3,CDK3
A0A024R996,PCTK3
A0A024R9Q5,LTK
A0A024RA53,STK17A
A0A024RAY5,MAP3K12
A0A024RB10,CDK2
A0A024RB23,DGKA
A0A024RB77,CDK2
A0A024RBB6,CDK4
A0A024RBQ3,CAMKK2
A0A024RBU5,PRKX
A0A024RBY6,GK
A0A024RC92,FES
A0A024RD18,STK38
A0A024RD25,PIM1
A0A024RDL4,hCG_18830
A0A059VC25,FAK
A0A087WSY1,MUSK
A0A087WUH9,PLK2
A0A087WV00,DGKI
A0A087WV31,PIK3C2G
A0A087WVC4,PRKACB
A0A087WY58,NEK3
A0A087WZL3,ALK
A0A087WZT9,PSKH1
A0A087X203,NEK3
A0A090N7W4,CDK5
A0A097F6U9,ALK
A0A097ZMP4,CUX1-RETc
A0A097ZMP6,CUX1-RETa
A0A0A0MR25,FGFR2
A0A0A0MRJ0,CDC42BPA
A0A0A0MSE1,ERBB4
A0A0A0N0M2,JAK1
A0A0B4J1S8,PI4KB
A0A0B4J1T8,EPHA6
A0A0B4J2B1,PIK3C3
A0A0B4J2F2,SIK1B
A0A0C4DFZ9,PAN3
A0A0C4DGC9,STK35
A0A0C4DGF9,PIK3C2A
A0A0D9SFP6,NTRK3
A0A0D9SFR6,DGKH
A0A0G2JM58,CSNK2B
A0A0G2JR38,PANK4
A0A0J9YXB6,GRK1
A0A0K2YUJ3,ALK
A0A0P0IT07,ERBB4
A0A0S2Z2Y3,ACVR1
A0A0S2Z2Y4,ACVRL1
A0A0S2Z310,ACVRL1
A0A0S2Z345,ACVR1
A0A0S2Z392,ADRBK1
A0A0S2Z3F9,CDK7
A0A0S2Z3I6,ADRBK1
A0A0S2Z3Q6,FGFR1
A0A0S2Z3T3,LCK
A0A0S2Z3T4,FGFR1
A0A0S2Z3T9,FGFR1
A0A0S2Z3Y4,LCK
A0A0S2Z3Y8,LCK
A0A0S2Z485,JAK3
A0A0S2Z4D1,STK11
A0A0S2Z4H5,TGFBR2
A0A0S2Z535,CDK20
A0A0S2Z539,TGFBR2
A0A0S2Z557,CDK20
A0A0S2Z562,CDK20
A0A0S2Z566,CDK20
A0A0S2Z5B6,CDK20
A0A0S2Z601,UCK1
A0A0U1RQT7,CSNK1G1
A0A0U1RQY7,CSNK1G1
A0A0U1RR14,CSNK1G1
A0A0U2N547,KIT
A0A0U4CQG9,AKT2
A0A140VJJ0,EPHA3
A0A140VJM3,PRKG2
A0A140VJW0,STK32C
A0A140VK84,FN3KRP
A0A140VK93,AK2
A0A141AXF0,FGFR2
A0A141AXF1,FGFR2
A0A141AXF2,FGFR2
A0A141AXF3,FGFR2
A0A141AXF4,FGFR2
A0A141AXF5,FGFR2
A0A141AXF6,FGFR2
A0A141AXF7,FGFR2
A0A141AXF8,FGFR2
A0A169TED2,PRKCA
A0A1B0GTR9,JAK2
A0A1B0GTX4,CDKL5
A0A1B0GUS4,UBE2L5
A0A1B0GWC2,MVK
A0A1B0RPQ4,FGFR1
A0A1G4P1I6,NDEL1-PDGFRB
A0A1S5UZ27,PRKD3
A0A2D3C335,SEC61G-EGFR
A0A2D3C337,SEC61G-EGFR
A0A2H4FYY8,CCDC6-RET
A0A2K8FKQ1,PIK3CD
A0A2K8FKR1,PIK3CD
A0A2K8FKT1,PIK3CD
A0A2K8FKV1,PIK3CD
A0A2P0XI22,PIK3CA
A0A2P9A9X3,glpK
A0A2P9AE50,eryA
A0A2P9AEA1,xylB
A0A2P9AEW8,rbsK
A0A2P9AFA7,BQ8482_111736
A0A2P9AGZ6,rbsK
A0A2P9AIB7,BQ8482_180080
A0A2P9AMH4,tdk
A0A2P9ANK3,BQ8482_310055
A0A2P9AQA5,rbsK
A0A2P9AQQ5,pyk
A0A2P9AQR0,pgk
A0A2P9AVP9,adk
A0A2P9AWP5,rbsK
A0A2P9DU05,ROCK2
A0A2R8Y2F6,PIK3CA
A0A2R8Y443,DYRK1A
A0A2R8Y492,BRAF
A0A2R8Y4D6,CSNK2A1
A0A2R8Y4H0,CSNK2A1
A0A2R8Y4U5,MYLK4
A0A2R8Y5A0,CSNK2A1
A0A2R8Y644,CDK13
A0A2R8YD28,CDK13
A0A2R8YD58,CSNK2A1
A0A2R8YDP2,CSNK2A1
A0A2R8YDY7,CSNK2A1
A0A2R8YFJ4,TRRAP
A0A2R8YFU2,CSNK2A1
A0AVT1,UBA6
A0JLT6,PRKD2
A0ZT98,TSSK1
A0ZT99,TSSK2
A1L167,UBE2QL1
A1L4F5,ROR2
A1L4Q0,DGKE
A2PYH4,HFM1
A2RTX5,TARS3
A2RUF7,PIK3C2B
A2VCQ3,ROR1
A3KFJ0,AURKA
A3KMH1,VWA8
A3QNQ0,TGFBR2
A4D150,LOC402468
A4D151,LOC402468
A4QPA9,MAP2K1
A4QPH2,PI4KAP2
A5YM72,CARNS1
A6NCM1,IQCA1L
A6NDB9,PALM3
A6NHR9,SMCHD1
A6NHV6,PKMYT1
A6NIT2,PHKA1
A6NM43,CCT8L1P
A6NMB9,FIGNL2
A6NMN0,PHKA1
A6NNM8,TTLL13
A6P4T4,ALK
A6P4T4,EML4
A6P4V4,ALK
A6P4V4,EML4
A6PVC2,TTLL8
A6PVV8,PI4KB
A7E2E0,PIK3CD
A7E2Y1,MYH7B
A8K161,CAMK2A
A8K3Y2,MAP2K6
A8K6P8,CCRK
A8K7I0,CLK2
A8MPP1,DDX11L8
A8MPP7,SRPK3
A8MT37,GSK3A
A8MTF1,PI4KA
A8MYT4,PIK3C3
A9UEZ6,BCR/ABL
A9UF02,BCR/ABL
A9UF07,BCR/ABL
A9YLN4,CD74/ROS
A9YLN5,SLC34A2/ROS
A9YLN6,SLC34A2/ROS1
A9YLN7,EML4/ALK
B0I1T2,MYO1G
B0LPE5,AKT1
B0QY34,CSNK1E
B0QY35,CSNK1E
B0QY36,CSNK1E
B0YIY3,CAMK1
B0YJ89,RIOK3
B1AKC9,EPHB2
B1AKP8,MTOR
B1AKQ2,MTOR
B1APF7,PRKACB
B1APF8,PRKACB
B1APF9,PRKACB
B1APG0,PRKACB
B1APG1,PRKACB
B1APG2,PRKACB
B1APG3,PRKACB
B1AVT0,CLK2
B2R6Q4,CSK
B2R6S5,CMPK1
B2RB89,PRKACB
B2RDU6,MVK
B2RTY4,MYO9A
B4DDH2,STK33
B4DFY5,MAP2K1
B4DGX8,RET
B4DNK4,PKM
B4DTR1,ERBB2
B4DUJ4,CSNK2B
B4DY26,TGFBR1
B4E1Q4,RIOK3
B5BU16,MAP2K6
B5BU32,TK1
B5BU41,CAMK1
B5BU52,CSK
B5BU53,CDK9
B5BU64,MKNK1
B5BU77,PRKCH
B5BUC0,GSK3B
B5BUF9,TK1
B5BUG9,BMPR1A
B5BUH5,CSNK2A1
B5BUJ6,MKNK1
B5BUJ8,MAPKAPK3
B5BUK7,PRKCI
B5MBY2,DGKB
B5MCD5,DGKB
B6D4Y1,ALK
B6D4Y2,ALK
B6D4Y3,ALK
B6D4Y5,ALK
B6D4Y6,ALK
B6D4Y7,ALK
B6D4Y8,ALK
B7Z7U4,NTRK3
B7Z8V7,NADK2
B7Z9H7,STK32A
B7ZA25,PRKG2
B7ZC32,KIF28P
B7ZKJ3,EPHA5
B7ZKW7,EPHA5
B7ZL31,CLK4
B7ZL83,DGKB
B7ZLY6,PIK3C2G
B7ZM44,PIK3CD
B7ZM86,PIK3C2B
B9EG64,CLK4
B9EGA7,CDC42BPA
B9EIS4,GRK1
C1PHA0,EML4-ALK
C1PHA1,EML4-ALK
C1PHA2,KIF5B-ALK
C7DUW4,MAP2K3
C9IYV2,CAMK1G
C9J1X3,TNK2
C9J319,STK33
C9J345,PIK3CB
C9J5X1,IGF1R
C9J8E1,MAPKAPK3
C9JAM9,PIK3CA
C9JB09,PNCK
C9JDA4,STK36
C9JJ18,PNCK
C9JUK9,MAPK7
C9JXA2,EPHA3
C9JYX0,PIK3CB
D1MAM0,ALK
D1MAM1,ALK
D1MAM2,ALK
D1MAM3,ALK
D1MAM4,ALK
D1MAM5,ALK
D2CGD1,FGFR2
D2JYI1,TGFBR2
D3DNT9,EPHB3
D3DPA4,ACVR1
D3DRD3,FGFR2
D3DRD4,FGFR2
D3DRD5,FGFR2
D3DRD6,FGFR2
D3DSX2,FGFR1
D3DW67,hCG_40815
D6R938,CAMK2D
D6REE7,ROCK2
D6RHC7,GRK6
D6RHX8,GRK6
D9ZGF8,ROCK1
E3WH17,SQSTM1-ALK
E5RGN0,CDK16
E5RI85,MOK
E5RIU6,CDK1
E7BSV0,EGFR
E7EM72,DGKI
E7EN07,ACVRL1
E7ENM8,FES
E7ESA6,PTK2
E7ESI2,CDK2
E7EU09,FGFR1
E7EU96,CSNK2A1
E7EVR7,FGFR2
E7EWQ4,DGKI
E9PBE1,PRKCZ
E9PBE8,CAMK2B
E9PBK7,MAPK3
E9PD35,FLT4
E9PDN7,PIK3CG
E9PEI4,PTK2
E9PF63,ROCK2
E9PFD7,EGFR
E9PFX6,DGKI
E9PG71,EPHA4
E9PGT3,RPS6KA1
E9PHX8,MERTK
E9PIA0,MKNK1
E9PIX7,NEK5
E9PJ92,LCK
E9PJF0,MAPK3
E9PJI4,CHEK1
E9PJN1,RPS6KA4
E9PJX5,BLK
E9PKQ3,CHEK1
E9PM17,PAK1
E9PM19,TYK2
E9PNL8,DGKZ
E9PPF2,TYK2
E9PQQ8,AK5
E9PQW4,MAPK3
E9PR89,SGK1
E9PRV7,GRK2
F0UY65,ALK
F0UY66,ALK
F1T0G6,MATK
F2Z2J1,RPS6KA2
F2Z2U4,TRRAP
F2Z3C8,SGK2
F5GWN5,PIK3C2B
F5H049,NRK
F5H369,PIK3C2G
F5H4F6,MARK2
F5H5A3,MAP4K3
F5H6Z0,CDK17
F5H7Y7,PIK3C2G
F5H8H2,MVK
F8TLS5,RET
F8TLW0,RET
F8VP57,EPHA5
F8VTV8,CDK4
F8VWX7,CDK4
F8VXZ5,TGFBR1
F8VY04,AK2
F8VYH9,CDK4
F8VZG5,AK2
F8W0N2,ACVRL1
F8W1A4,AK2
F8W1R9,TGFBR1
F8W9L4,FGFR3
F8W9P4,PIK3CD
F8W9W0,EPHA5
F8W9W2,GRK6
F8WBA3,PRKD1
F8WBF5,CLK1
F8WCQ3,DAPK1
F8WDJ8,PIK3CB
G3V1W8,ACVRL1
G3V202,NEK3
G3V213,AK2
G3V2D1,RPS6KA5
G3V4E1,DGKA
G3V5T9,CDK2
G5EKE5,PPFIBP1-ALK
H0Y3C5,HCK
H0Y4F8,PI4KB
H0Y4W2,TRRAP
H0Y5M6,PRKD3
H0Y871,PIK3CB
H0Y8F1,PTK7
H0YA20,DGKQ
H0YCW3,PI4KB
H0YD75,NLK
H0YJH4,DGKA
H0YM90,NTRK3
H0YNK6,TYRO3
H0YNV4,MARK3
H3BP07,PHKG2
H3BPI9,AMHR2
H3BQ34,PKM
H3BQ89,PHKB
H3BTN5,PKM
H3BTW6,PHKG2
H3BTZ2,ACVRL1
H3BV13,PHKB
H3BVG6,LTK
H7BXS4,CAMK2B
H7BXU9,FGFR2
H7BYT1,CSNK1D
H7C1M9,MYO3B
H7C4S5,BRAF
H7C527,PIK3CB
H7C565,PIK3CB
H7C5C3,PIK3CB
I3L0Z1,PHKB
I3L112,DGKE
I3L136,PKMYT1
I3L1N3,PHKB
I3L213,PHKB
I3NHZ9,PHKB
I6L972,STK32C
I6L994,RIOK3
I6L996,PTK2
I6L9I5,CDC2
I6W807,CDK19
J3KNN3,PHKG2
J3KP20,NTRK1
J3KPD6,HCK
J3KPI6,MAP3K9
J3KPQ0,FGFR4
J3KR66,EPHA6
J3KRA9,SMG1
J3KT86,AURKB
J3KTD6,AURKB
J3QKW1,AKT2
J3QLN8,AURKB
J3QLU9,ERBB2
J3QR41,AURKB
J3QRU1,YES1
J7M2B1,EZR-ROS1
J7M8C2,CCDC6-RETc
J7MA22,EML4-ALK
J7MDF2,CCDC6-RETa
K7EIV6,PIK3C3
K7EKH3,PIK3C3
K7EL04,NEK8
K7EL10,PKN1
K7ELV1,MAPK4
K7EN18,MAPK4
K7ENH3,PIK3C3
K7ENW5,TK1
K7EQN8,STK11
K7EQY5,MATK
K7ER95,MAP4K1
K7ERJ1,TK1
K7ERP6,PRKACA
K7ERV3,TK1
K7ES52,TK1
K7ES68,MATK
K7ESB6,CSNK1G2
L7RRS0,PIK3C2A
L7RSL3,FLT1
L7RSM7,PRKCA
L7RTI5,PRKCE
L7RXH5,MAPK3
M0R0D0,DAPK3
M0R0P9,AKT2
M0R0W6,AXL
M0R308,PIK3C3
M0R386,PIK3C3
M1V481,KIF5B-ALK_K17A20
M1V485,SLC34A2-ROS1
M1V487,LRIG3(NM_153377)-ROS1
M1V490,KIF5B-RET(NM_020630)_K22R12
M1VE83,SDC4-ROS1_S4R34
M1VE86,LRIG3(NM_001136051)-ROS1
M1VE89,KIF5B-RET(NM_020975)_K16R12
M1VE91,KIF5B-RET(NM_020630)_K24R11
M1VKI3,SDC4-ROS1_S4R32
M1VKI9,KIF5B-RET(NM_020630)_K16R12
M1VKJ2,KIF5B-RET(NM_020975)_K23R12
M1VPF4,TPM3-ROS1
M1VPF6,CD74-ROS1_C6R32
M1VPF7,KIF5B-RET(NM_020630)_K15R12
M1VPF9,KIF5B-RET(NM_020975)_K22R12
M1VRM8,SDC4-ROS1_S2R32
M1VRN0,KIF5B-RET(NM_020975)_K15R12
M1VRN1,KIF5B-RET(NM_020630)_K23R12
N0E466,CSNK2B
N0E4C7,CSNK2B
N0E638,CSNK2B
N0E644,CSNK2B
N0E650,CSNK2B
N0E6J1,CSNK2B-LY6G5B-1072
O00139,KIF2A
O00141,SGK1
O00142,TK2
O00148,DDX39A
O00159,MYO1C
O00160,MYO1F
O00238,BMPR1B
O00311,CDC7
O00329,PIK3CD
O00418,EEF2K
O00442,RTCA
O00443,PIK3C2A
O00444,PLK4
O00506,STK25
O00571,DDX3X
O00746,NME4
O00750,PIK3C2B
O00762,UBE2C
O00763,ACACB
O00764,PDXK
O14578,CIT
O14646,CHD1
O14647,CHD2
O14656,TOR1A
O14657,TOR1B
O14678,ABCD4
O14727,APAF1
O14730,RIOK3
O14733,MAP2K7
O14757,CHEK1
O14782,KIF3C
O14841,OPLAH
O14874,BCKDK
O14920,IKBKB
O14936,CASK
O14965,AURKA
O14975,SLC27A2
O14976,GAK
O14981,BTAF1
O14983,ATP2A1
O14986,PIP5K1B
O14994,SYN3
O15021,MAST4
O15066,KIF3B
O15067,PFAS
O15075,DCLK1
O15111,CHUK
O15146,MUSK
O15197,EPHB6
O15264,MAPK13
O15315,RAD51B
O15381,NVL
O15438,ABCC3
O15439,ABCC4
O15440,ABCC5
O15457,MSH4
O15523,DDX3Y
O15530,PDPK1
O15547,P2RX6
O43143,DHX15
O43187,IRAK2
O43196,MSH5
O43237,DYNC1LI2
O43252,PAPSS1
O43283,MAP3K13
O43293,DAPK3
O43301,HSPA12A
O43306,ADCY6
O43314,PPIP5K2
O43318,MAP3K7
O43353,RIPK2
O43502,RAD51C
O43520,ATP8B1
O43542,XRCC3
O43543,XRCC2
O43615,TIMM44
O43681,GET3
O43683,BUB1
O43716,GATC
O43741,PRKAB2
O43776,NARS1
O43781,DYRK3
O43795,MYO1B
O43861,ATP9B
O43896,KIF1C
O43913,ORC5
O43929,ORC4
O43930,PRKY
O43933,PEX1
O60229,KALRN
O60231,DHX16
O60264,SMARCA5
O60266,ADCY3
O60282,KIF5C
O60285,NUAK1
O60306,AQR
O60307,MAST3
O60312,ATP10A
O60331,PIP5K1C
O60333,KIF1B
O60361,NME2P1
O60423,ATP8B3
O60488,ACSL4
O60503,ADCY9
O60566,BUB1B
O60674,JAK2
O60706,ABCC9
O60825,PFKFB2
O60884,DNAJA2
O75027,ABCB7
O75037,KIF21B
O75063,FAM20B
O75110,ATP9A
O75116,ROCK2
O75185,ATP2C2
O75191,XYLB
O75351,VPS4B
O75355,ENTPD3
O75385,ULK1
O75414,NME6
O75417,POLQ
O75449,KATNA1
O75460,ERN1
O75582,RPS6KA5
O75643,SNRNP200
O75648,TRMU
O75676,RPS6KA4
O75716,STK16
O75747,PIK3C2G
O75771,RAD51D
O75879,GATB
O75912,DGKI
O75914,PAK3
O75943,RAD17
O75962,TRIO
O76031,CLPX
O76039,CDKL5
O76082,SLC22A5
O94761,RECQL4
O94762,RECQL5
O94768,STK17B
O94804,STK10
O94806,PRKD3
O94823,ATP10B
O94832,MYO1D
O94911,ABCA8
O94921,CDK14
O94955,RHOBTB3
O95155,UBE4B
O95235,KIF20A
O95239,KIF4A
O95255,ABCC6
O95340,PAPSS2
O95342,ABCB11
O95347,SMC2
O95363,FARS2
O95382,MAP3K6
O95396,MOCS3
O95477,ABCA1
O95544,NADK
O95573,ACSL3
O95622,ADCY5
O95747,OXSR1
O95757,HSPA4L
O95786,DDX58
O95819,MAP4K4
O95835,LATS1
O95922,TTLL1
O96013,PAK4
O96017,CHEK2
P00367,GLUD1
P00519,ABL1
P00533,EGFR
P00540,MOS
P00558,PGK1
P00568,AK1
P00966,ASS1
P00973,OAS1
P04049,RAF1
P04183,TK1
P04626,ERBB2
P04629,NTRK1
P04637,TP53
P05023,ATP1A1
P05129,PRKCG
P05165,PCCA
P05166,PCCB
P05771,PRKCB
P06213,INSR
P06239,LCK
P06241,FYN
P06493,CDK1
P06576,ATP5F1B
P06732,CKM
P06737,PYGL
P07205,PGK2
P07332,FES
P07333,CSF1R
P07814,EPRS1
P07900,HSP90AA1
P07947,YES1
P07948,LYN
P07949,RET
P08069,IGF1R
P08183,ABCB1
P08237,PFKM
P08238,HSP90AB1
P08243,ASNS
P08581,MET
P08631,HCK
P08922,ROS1
P09619,PDGFRB
P09769,FGR
P0C1S8,WEE2
P0C263,SBK2
P0C264,SBK3
P0C7M7,ACSM4
P0C7P3,SLFN14
P0DMV8,HSPA1A
P0DMV9,HSPA1B
P10398,ARAF
P10412,H1-4
P10644,PRKAR1A
P10721,KIT
P10809,HSPD1
P11021,HSPA5
P11055,MYH3
P11142,HSPA8
P11274,BCR
P11309,PIM1
P11362,FGFR1
P11387,TOP1
P11388,TOP2A
P11498,PC
P11586,MTHFD1
P11801,PSKH1
P11802,CDK4
P11908,PRPS2
P12081,HARS1
P12277,CKB
P12532,CKMT1A
P12532,CKMT1B
P12882,MYH1
P12883,MYH7
P12931,SRC
P12956,XRCC6
P13010,XRCC5
P13533,MYH6
P13535,MYH8
P13569,CFTR
P13637,ATP1A3
P13861,PRKAR2A
P13984,GTF2F2
P14616,INSRR
P14618,PKM
P14625,HSP90B1
P14735,IDE
P14868,DARS1
P15056,BRAF
P15104,GLUL
P15313,ATP6V1B1
P15531,NME1
P15735,PHKG2
P16066,NPR1
P16118,PFKFB1
P16234,PDGFRA
P16452,EPB42
P16591,FER
P16615,ATP2A2
P17066,HSPA6
P17252,PRKCA
P17540,CKMT2
P17600,SYN1
P17612,PRKACA
P17812,CTPS1
P17844,DDX5
P17858,PFKL
P17948,FLT1
P17980,PSMC3
P17987,TCP1
P18074,ERCC2
P18858,LIG1
P19367,HK1
P19447,ERCC3
P19525,EIF2AK2
P19784,CSNK2A2
P20020,ATP2B1
P20585,MSH3
P20594,NPR2
P20648,ATP4A
P20794,MAK
P21108,PRPS1L1
P21127,CDK11B
P21281,ATP6V1B2
P21439,ABCB4
P21675,TAF1
P21709,EPHA1
P21802,FGFR2
P21817,RYR1
P21860,ERBB3
P22102,GART
P22234,PAICS
P22314,UBA1
P22392,NME2
P22413,ENPP1
P22455,FGFR4
P22607,FGFR3
P22612,PRKACG
P22694,PRKACB
P23381,WARS1
P23443,RPS6KB1
P23458,JAK1
P23634,ATP2B4
P23677,ITPKA
P23743,DGKA
P23919,DTYMK
P23921,RRM1
P24723,PRKCH
P24941,CDK2
P25092,GUCY2C
P25098,GRK2
P25205,MCM3
P25705,ATP5F1A
P26196,DDX6
P26639,TARS1
P26640,VARS1
P27037,ACVR2A
P27144,AK4
P27361,MAPK3
P27448,MARK3
P27707,DCK
P27708,CAD
P27987,ITPKB
P28288,ABCD3
P28370,SMARCA1
P28482,MAPK1
P29317,EPHA2
P29320,EPHA3
P29322,EPHA8
P29323,EPHB2
P29376,LTK
P29597,TYK2
P29728,OAS2
P30085,CMPK1
P30086,PEBP1
P30291,WEE1
P30530,AXL
P30613,PKLR
P31152,MAPK4
P31153,MAT2A
P31321,PRKAR1B
P31323,PRKAR2B
P31327,CPS1
P31689,DNAJA1
P31749,AKT1
P31751,AKT2
P32189,GK
P32298,GRK4
P33076,CIITA
P33121,ACSL1
P33176,KIF5B
P33527,ABCC1
P33897,ABCD1
P33981,TTK
P33991,MCM4
P33992,MCM5
P33993,MCM7
P34925,RYK
P34931,HSPA1L
P34932,HSPA4
P34947,GRK5
P35249,RFC4
P35250,RFC2
P35251,RFC1
P35557,GCK
P35579,MYH9
P35580,MYH10
P35590,TIE1
P35626,GRK3
P35670,ATP7B
P35749,MYH11
P35790,CHKA
P35916,FLT4
P35968,KDR
P35998,PSMC2
P36507,MAP2K2
P36776,LONP1
P36888,FLT3
P36894,BMPR1A
P36896,ACVR1B
P36897,TGFBR1
P37023,ACVRL1
P37173,TGFBR2
P38606,ATP6V1A
P38646,HSPA9
P38919,EIF4A3
P38935,IGHMBP2
P40145,ADCY8
P40227,CCT6A
P40692,MLH1
P40937,RFC5
P41226,UBA7
P41240,CSK
P41250,GARS1
P41252,IARS1
P41279,MAP3K8
P41743,PRKCI
P42025,ACTR1B
P42285,MTREX
P42336,PIK3CA
P42338,PIK3CB
P42345,MTOR
P42356,PI4KA
P42679,MATK
P42680,TEC
P42681,TXK
P42684,ABL2
P42685,FRK
P42694,HELZ
P42771,CDKN2A
P42772,CDKN2B
P42773,CDKN2C
P43246,MSH2
P43250,GRK6
P43403,ZAP70
P43405,SYK
P43686,PSMC4
P45844,ABCG1
P45983,MAPK8
P45984,MAPK9
P45985,MAP2K4
P46013,MKI67
P46019,PHKA2
P46020,PHKA1
P46063,RECQL
P46100,ATRX
P46459,NSF
P46734,MAP2K3
P47897,QARS1
P47900,P2RY1
P48048,KCNJ1
P48426,PIP4K2A
P48506,GCLC
P48637,GSS
P48643,CCT5
P48723,HSPA13
P48729,CSNK1A1
P48730,CSNK1D
P48736,PIK3CG
P48741,HSPA7
P49137,MAPKAPK2
P49336,CDK8
P49368,CCT3
P49427,CDC34
P49459,UBE2A
P49588,AARS1
P49589,CARS1
P49590,HARS2
P49591,SARS1
P49619,DGKG
P49674,CSNK1E
P49736,MCM2
P49759,CLK1
P49760,CLK2
P49761,CLK3
P49770,EIF2B2
P49840,GSK3A
P49841,GSK3B
P49842,STK19
P49903,SEPHS1
P49914,MTHFS
P49915,GMPS
P49916,LIG3
P49917,LIG4
P49961,ENTPD1
P50053,KHK
P50613,CDK7
P50747,HLCS
P50750,CDK9
P50990,CCT8
P50991,CCT4
P50993,ATP1A2
P51003,PAPOLA
P51451,BLK
P51530,DNA2
P51531,SMARCA2
P51532,SMARCA4
P51553,IDH3G
P51570,GALK1
P51575,P2RX1
P51582,P2RY4
P51606,RENBP
P51617,IRAK1
P51668,UBE2D1
P51790,CLCN3
P51793,CLCN4
P51795,CLCN5
P51797,CLCN6
P51798,CLCN7
P51812,RPS6KA3
P51813,BMX
P51817,PRKX
P51828,ADCY7
P51841,GUCY2F
P51955,NEK2
P51956,NEK3
P51957,NEK4
P51965,UBE2E1
P52333,JAK3
P52429,DGKE
P52564,MAP2K6
P52701,MSH6
P52732,KIF11
P52789,HK2
P52790,HK3
P52824,DGKQ
P53041,PPP5C
P53350,PLK1
P53355,DAPK1
P53384,NUBP1
P53396,ACLY
P53602,MVD
P53667,LIMK1
P53671,LIMK2
P53778,MAPK12
P53779,MAPK10
P54132,BLM
P54136,RARS1
P54277,PMS1
P54278,PMS2
P54577,YARS1
P54619,PRKAG1
P54646,PRKAA2
P54652,HSPA2
P54707,ATP12A
P54753,EPHB3
P54756,EPHA5
P54760,EPHB4
P54762,EPHB1
P54764,EPHA4
P54819,AK2
P54886,ALDH18A1
P55072,VCP
P55263,ADK
P55273,CDKN2D
P56192,MARS1
P56373,P2RX3
P57058,HUNK
P57059,SIK1
P57078,RIPK4
P59044,NLRP6
P59045,NLRP11
P59046,NLRP12
P59047,NLRP5
P60604,UBE2G2
P60709,ACTB
P60842,EIF4A1
P60891,PRPS1
P61077,UBE2D3
P61081,UBE2M
P61086,UBE2K
P61088,UBE2N
P61158,ACTR3
P61160,ACTR2
P61163,ACTR1A
P61221,ABCE1
P61604,HSPE1
P62191,PSMC1
P62195,PSMC5
P62253,UBE2G1
P62256,UBE2H
P62333,PSMC6
P62736,ACTA2
P62837,UBE2D2
P63146,UBE2B
P63261,ACTG1
P63267,ACTG2
P63279,UBE2I
P67870,CSNK2B
P68032,ACTC1
P68036,UBE2L3
P68133,ACTA1
P68400,CSNK2A1
P78356,PIP4K2B
P78362,SRPK2
P78363,ABCA4
P78368,CSNK1G2
P78371,CCT2
P78508,KCNJ10
P78527,PRKDC
P80192,MAP3K9
P98194,ATP2C1
P98196,ATP11A
P98198,ATP8B2
Q00266,MAT1A
Q00526,CDK3
Q00532,CDKL1
Q00534,CDK6
Q00535,CDK5
Q00536,CDK16
Q00537,CDK17
Q00839,HNRNPU
Q00975,CACNA1B
Q01196,RUNX1
Q01415,GALK2
Q01813,PFKP
Q01814,ATP2B2
Q01973,ROR1
Q01974,ROR2
Q02156,PRKCE
Q02224,CENPE
Q02241,KIF23
Q02750,MAP2K1
Q02763,TEK
Q02779,MAP3K10
Q02790,FKBP4
Q02846,GUCY2D
Q02880,TOP2B
Q03426,MVK
Q03468,ERCC6
Q03518,TAP1
Q03519,TAP2
Q04637,EIF4G1
Q04656,ATP7A
Q04759,PRKCQ
Q04771,ACVR1
Q04912,MST1R
Q05397,PTK2
Q05513,PRKCZ
Q05655,PRKCD
Q05823,RNASEL
Q05932,FPGS
Q05D26,BLK
Q05DF6,NEK4
Q05DL3,CSNK1A1
Q06187,BTK
Q06418,TYRO3
Q06609,RAD51
Q07002,CDK18
Q07912,TNK2
Q08211,DHX9
Q08345,DDR1
Q08462,ADCY2
Q08828,ADCY1
Q08881,ITK
Q08AF3,SLFN5
Q08AH1,ACSM1
Q08AH3,ACSM2A
Q09013,DMPK
Q09428,ABCC8
Q0IJ40,KIAA0999
Q0IJ49,PKMYT1
Q0VDD8,DNAH14
Q0VDF9,HSPA14
Q12756,KIF1A
Q12792,TWF1
Q12840,KIF5A
Q12851,MAP4K2
Q12852,MAP3K12
Q12866,MERTK
Q12873,CHD3
Q12905,ILF2
Q12931,TRAP1
Q12965,MYO1E
Q13043,STK4
Q13057,COASY
Q13075,NAIP
Q13085,ACACA
Q13131,PRKAA1
Q13153,PAK1
Q13163,MAP2K5
Q13164,MAPK7
Q13177,PAK2
Q13188,STK3
Q13206,DDX10
Q13232,NME3
Q13233,MAP3K1
Q13237,PRKG2
Q13283,G3BP1
Q13308,PTK7
Q13315,ATM
Q13319,CDK5R2
Q13394,MAB21L1
Q13402,MYO7A
Q13415,ORC1
Q13418,ILK
Q13459,MYO9B
Q13464,ROCK1
Q13470,TNK1
Q13523,PRPF4B
Q13535,ATR
Q13546,RIPK1
Q13554,CAMK2B
Q13555,CAMK2G
Q13557,CAMK2D
Q13569,TDG
Q13572,ITPK1
Q13574,DGKZ
Q13608,PEX6
Q13627,DYRK1A
Q13705,ACVR2B
Q13733,ATP1A4
Q13761,RUNX3
Q13838,DDX39B
Q13873,BMPR2
Q13882,PTK6
Q13950,RUNX2
Q13976,PRKG1
Q14004,CDK13
Q14012,CAMK1
Q14147,DHX34
Q14164,IKBKE
Q14166,TTLL12
Q14191,WRN
Q14204,DYNC1H1
Q14240,EIF4A2
Q14289,PTK2B
Q14296,FASTK
Q14409,GK3P
Q14410,GK2
Q14527,HLTF
Q14562,DHX8
Q14565,DMC1
Q14566,MCM6
Q14568,HSP90AA2P
Q14654,KCNJ11
Q14679,TTLL4
Q14680,MELK
Q14683,SMC1A
Q14692,BMS1
Q14807,KIF22
Q14839,CHD4
Q14978,NOLC1
Q149M9,NWD1
Q149N8,SHPRH
Q14CZ7,FASTKD3
Q15031,LARS2
Q15046,KARS1
Q15058,KIF14
Q15078,CDK5R1
Q15118,PDK1
Q15119,PDK2
Q15120,PDK3
Q15126,PMVK
Q15131,CDK10
Q15136,PRKACA
Q15139,PRKD1
Q15208,STK38
Q15257,PTPA
Q15300,RET/PTC2
Q15303,ERBB4
Q15349,RPS6KA2
Q15375,EPHA7
Q15418,RPS6KA1
Q15477,SKIV2L
Q15569,TESK1
Q15645,TRIP13
Q15646,OASL
Q15746,MYLK
Q15759,MAPK11
Q15772,SPEG
Q15831,STK11
Q15835,GRK1
Q15842,KCNJ8
Q15850,urf-ret
Q15904,ATP6AP1
Q16176,lsk
Q16288,NTRK3
Q16512,PKN1
Q16513,PKN2
Q16539,MAPK14
Q16566,CAMK4
Q16584,MAP3K11
Q16620,NTRK2
Q16644,MAPKAPK3
Q16654,PDK4
Q16659,MAPK6
Q16671,AMHR2
Q16720,ATP2B3
Q16760,DGKD
Q16763,UBE2S
Q16774,GUK1
Q16816,PHKG1
Q16832,DDR2
Q16854,DGUOK
Q16875,PFKFB3
Q16877,PFKFB4
Q1HBJ4,MAPK1
Q1KKQ2,PRKD1
Q1RMG3,MERTK
Q2KJY2,KIF26B
Q2M1P5,KIF7
Q2M2I8,AAK1
Q2M3G0,ABCB5
Q2M589,DGKG
Q2NKX8,ERCC6L
Q2TAC6,KIF19
Q2TB90,HKDC1
Q2VIQ3,KIF4B
Q32MK0,MYLK3
Q32MQ5,MAP3K6
Q32NB8,PGS1
Q38SD2,LRRK1
Q3L8U1,CHD9
Q3LXA3,TKFC
Q3MIX3,ADCK5
Q3SXZ7,TTLL9
Q496M5,PLK5
Q499G7,MAPK1
Q499Z3,SLFNL1
Q4G0N4,NADK2
Q4G0Z9,MCMDC2
Q4G176,ACSF3
Q4G1A8,CAMK2D
Q4L235,AASDH
Q4LDX3,JAK1
Q4LE51,PIK3CA
Q4LE65,PIK3C2B
Q4LE69,PIK4CA
Q4V339,CBWD6
Q4VAU9,ACVR2B
Q4VNC0,ATP13A5
Q4VNC1,ATP13A4
Q4W5L5,MGC45428
Q504U3,PKM2
Q504U8,EGFR
Q504Y2,PKDCC
Q506Q0,JAK2
Q52WX2,SBK1
Q53FZ2,ACSM3
Q53H12,AGK
Q53QE7,STK17B
Q53R41,FASTKD1
Q53SE4,DGKD
Q53SF4,ACVR1
Q53SV1,ACVR1
Q53TE4,TLK1
Q541P7,EPHB4
Q548C2,NTRK2
Q562R1,ACTBL2
Q56A86,AKT3
Q56UN5,MAP3K19
Q573B4,LCK
Q587J7,TDRD12
Q58A45,PAN3
Q58A51,Plk-1
Q58F15,EPHA4
Q58FF3,HSP90B2P
Q58FF6,HSP90AB4P
Q58FF7,HSP90AB3P
Q58FF8,HSP90AB2P
Q58FG0,HSP90AA5P
Q58FG1,HSP90AA4P
Q59H18,TNNI3K
Q5D0E6,DALRD3
Q5EBM0,CMPK2
Q5FVE4,ACSBG2
Q5FWF4,ZRANB3
Q5H8Y1,ROS1
Q5H8Y5,SGK2
Q5H9N4,DKFZp686L20222
Q5H9U9,DDX60L
Q5HY92,FIGN
Q5JPH6,EARS2
Q5JTY5,CBWD3
Q5JTZ9,AARS2
Q5JU69,TOR2A
Q5JXL9,DKFZp564L2416
Q5JY90,BTK
Q5JZY3,EPHA10
Q5K4L6,SLC27A3
Q5KSL6,DGKK
Q5MAI5,CDKL4
Q5MY95,ENTPD8
Q5QPD4,AURKA
Q5RIA9,CBWD5
Q5S007,LRRK2
Q5SQQ7,CAMK1D
Q5SRQ3,CSNK2B
Q5SRQ6,CSNK2B
Q5ST30,VARS2
Q5SY16,NOL9
Q5T0D2,CMPK1
Q5T160,RARS2
Q5T1V6,DDX59
Q5T2N8,ATAD3C
Q5T3U5,ABCC10
Q5T6J7,IDNK
Q5T7B8,KIF24
Q5T7S2,TGFBR1
Q5T890,ERCC6L2
Q5T9A4,ATAD3B
Q5T9B7,AK1
Q5T9C9,PIP5KL1
Q5TBG1,NEK6
Q5TBG7,NEK6
Q5TBH1,NEK6
Q5TBH2,NEK6
Q5TCQ9,MAGI3
Q5TCS8,AK9
Q5TCX8,MAP3K21
Q5TCY1,TTBK1
Q5TGY6,FGR
Q5U045,CSNK1E
Q5U5J2,CSNK2A1
Q5VST9,OBSCN
Q5VT25,CDC42BPA
Q5VVX9,UBE2U
Q5XG87,TENT4A
Q5XKD4,CDK5R2
Q5Y191,AURKC
Q658W2,DKFZp666O0110
Q68CK6,ACSM2B
Q68D06,SLFN13
Q68D16,DKFZp686D0638
Q68D39,DKFZp686J04131
Q68DL0,PIK3CB
Q68E11,DKFZp686G16234
Q6A1A2,PDPK2P
Q6DT37,CDC42BPG
Q6EMB2,TTLL5
Q6FG83,STK17B
Q6FG98,STK17B
Q6FGX9,AK1
Q6FHG1,MAP2K3
Q6FHV7,SGKL
Q6FI23,MAP2K3
Q6FI27,GSK3B
Q6IA69,NADSYN1
Q6IBS0,TWF2
Q6IEE8,SLFN12L
Q6IQ55,TTBK2
Q6J9G0,STYK1
Q6LAJ4,PHKB
Q6NSL2,WEE1
Q6NSZ4,PHKG1
Q6NUK7,LYN
Q6NUN0,ACSM5
Q6P0Q8,MAST2
Q6P158,DHX57
Q6P2M8,PNCK
Q6P3R8,NEK5
Q6P3W7,SCYL2
Q6P461,ACSM6
Q6P4R6,EPHA3
Q6P5Z2,PKN3
Q6PFW1,PPIP5K1
Q6PHR2,ULK3
Q6PI48,DARS2
Q6PIF6,MYO7B
Q6PIW4,FIGNL1
Q6PIY7,TENT2
Q6PJ06,CSNK1A1
Q6PJ60,PIK3CB
Q6PL18,ATAD2
Q6SA08,TSSK4
Q6UB35,MTHFD1L
Q6UVM3,KCNT2
Q6VAB6,KSR2
Q6XUX3,DSTYK
Q6ZMN5,PAN3
Q6ZMQ8,AATK
Q6ZMV9,KIF6
Q6ZN16,MAP3K15
Q6ZR08,DNAH12
Q6ZRS2,SRCAP
Q6ZS86,GK5
Q6ZT98,TTLL7
Q6ZVT0,TTLL10
Q6ZW61,BBS12
Q6ZWH5,NEK10
Q712K3,UBE2R2
Q75WM6,H1-7
Q76MJ5,ERN2
Q7KZI7,MARK2
Q7L014,DDX46
Q7L2E3,DHX30
Q7L3T8,PARS2
Q7L7V1,DHX32
Q7L7X3,TAOK1
Q7L8L6,FASTKD5
Q7L8W6,DPH6
Q7LDD5,CAMK2A
Q7RTN6,STRADA
Q7RTR0,NLRP9
Q7RTR2,NLRC3
Q7Z2Y5,NRK
Q7Z333,SETX
Q7Z406,MYH14
Q7Z478,DHX29
Q7Z4S6,KIF21A
Q7Z4Y4,AK3
Q7Z531,AK3
Q7Z695,ADCK2
Q7Z7A4,PXK
Q7Z7E8,UBE2Q1
Q7Z7L1,SLFN11
Q86SG6,NEK8
Q86TB3,ALPK2
Q86TM3,DDX53
Q86TW2,ADCK1
Q86UE8,TLK2
Q86UK0,ABCA12
Q86UQ4,ABCA13
Q86UT6,NLRX1
Q86UW6,N4BP2
Q86UX6,STK32C
Q86V21,AACS
Q86V29,WEE1
Q86V86,PIM3
Q86VH2,KIF27
Q86W24,NLRP14
Q86W25,NLRP13
Q86W26,NLRP10
Q86W28,NLRP8
Q86WA8,LONP2
Q86WI3,NLRC5
Q86WJ1,CHD1L
Q86XH1,IQCA1
Q86XP1,DGKH
Q86XP3,DDX42
Q86XZ8,CDC42BPB
Q86Y07,VRK2
Q86Y91,KIF18B
Q86YV5,PRAG1
Q86YV6,MYLK4
Q86Z02,HIPK1
Q8IU85,CAMK1D
Q8IUA7,ABCA9
Q8IUF1,CBWD2
Q8IUG5,MYO18B
Q8IV42,PSTK
Q8IV63,VRK3
Q8IVF4,DNAH10
Q8IVH8,MAP4K3
Q8IVL0,NAV3
Q8IVL1,NAV2
Q8IVS8,GLYCTK
Q8IVT5,KSR1
Q8IVW4,CDKL3
Q8IW41,MAPKAPK5
Q8IW45,NAXD
Q8IWB6,TEX14
Q8IWE0,CAMK2A
Q8IWQ3,BRSK2
Q8IWT3,CUL9
Q8IWU2,LMTK2
Q8IX18,DHX40
Q8IXA3,CSNK1G1
Q8IXL6,FAM20C
Q8IXN4,MAK
Q8IXN7,RIMKLA
Q8IXP2,JAK2
Q8IY18,SMC5
Q8IY21,DDX60
Q8IY37,DHX37
Q8IY84,NIM1K
Q8IYB8,SUPV3L1
Q8IYD8,FANCM
Q8IYM2,SLFN12
Q8IYT4,KATNAL2
Q8IYT8,ULK2
Q8IZE3,SCYL3
Q8IZL9,CDK20
Q8IZY2,ABCA7
Q8N0W3,FCSK
Q8N139,ABCA6
Q8N165,PDIK1L
Q8N1T3,MYO1H
Q8N2E6,TOR2A
Q8N2I9,STK40
Q8N2K1,UBE2J2
Q8N3C0,ASCC3
Q8N4C8,MINK1
Q8N4N8,KIF2B
Q8N568,DCLK2
Q8N5S9,CAMKK1
Q8N619,CDK5R1
Q8N752,CSNK1A1L
Q8N841,TTLL6
Q8N884,CGAS
Q8N8A6,DDX51
Q8N8J0,PI4KAP1
Q8NB16,MLKL
Q8NB49,ATP11C
Q8NB90,SPATA5
Q8NBU5,ATAD1
Q8NCB2,CAMKV
Q8NCM8,DYNC2H1
Q8NDG6,TDRD9
Q8NDV3,SMC1B
Q8NE28,STKLD1
Q8NE63,HIPK4
Q8NE71,ABCF1
Q8NEB9,PIK3C3
Q8NER1,TRPV1
Q8NER5,ACVR1C
Q8NEV1,CSNK2A3
Q8NEV4,MYO3A
Q8NFD2,ANKK1
Q8NFF5,FLAD1
Q8NFM4,ADCY4
Q8NFU5,IPMK
Q8NFZ0,FBH1
Q8NG08,HELB
Q8NG66,NEK11
Q8NG68,TTL
Q8NHH1,TTLL11
Q8NHQ9,DDX55
Q8NI15,FGFR3
Q8NI16,FGFR3
Q8NI60,COQ8A
Q8NI77,KIF18A
Q8TAM1,BBS10
Q8TAM4,CDK5R1
Q8TAS1,UHMK1
Q8TB37,NUBPL
Q8TBC4,UBA3
Q8TBX8,PIP4K2C
Q8TCG2,PI4K2B
Q8TCT0,CERK
Q8TD08,MAPK15
Q8TD19,NEK9
Q8TD26,CHD6
Q8TD43,TRPM4
Q8TD57,DNAH3
Q8TDC3,BRSK1
Q8TDD1,DDX54
Q8TDG4,HELQ
Q8TDI0,CHD5
Q8TDJ5,TFG/ALK
Q8TDR2,STK35
Q8TDX7,NEK7
Q8TE04,PANK1
Q8TE73,DNAH5
Q8TE96,DQX1
Q8TEA7,TBCK
Q8TF62,ATP8B4
Q8TF76,HASPIN
Q8WTQ7,GRK7
Q8WU08,STK32A
Q8WUW7,PKM2
Q8WV93,AFG1L
Q8WVB6,CHTF18
Q8WVC6,DCAKD
Q8WVN8,UBE2Q2
Q8WW22,DNAJA4
Q8WWZ4,ABCA10
Q8WWZ7,ABCA5
Q8WX94,NLRP7
Q8WXR4,MYO3B
Q8WXX0,DNAH7
Q8WYK0,ACOT12
Q8WZ42,TTN
Q92499,DDX1
Q92519,TRIB2
Q92526,CCT6B
Q92551,IP6K1
Q92598,HSPH1
Q92614,MYO18A
Q92620,DHX38
Q92628,KIAA0232
Q92630,DYRK2
Q92698,RAD54L
Q92771,DDX12P
Q92772,CDKL2
Q92777,SYN2
Q92841,DDX17
Q92878,RAD50
Q92887,ABCC2
Q92900,UPF1
Q92918,MAP4K1
Q92989,CLP1
Q93084,ATP2A3
Q93086,P2RX5
Q93100,PHKB
Q969G6,RFK
Q969M7,UBE2F
Q969T4,UBE2E3
Q969Z0,TBRG4
Q96AC6,KIFC2
Q96AD6,GRK6
Q96B02,UBE2W
Q96BR1,SGK3
Q96C10,DHX58
Q96C11,FGGY
Q96C45,ULK4
Q96CM8,ACSF2
Q96D53,COQ8B
Q96DT5,DNAH11
Q96DU7,ITPKC
Q96E92,PRKAA1
Q96EK9,KTI12
Q96EY1,DNAJA3
Q96EY8,MMAB
Q96FC9,DDX11
Q96FN5,KIF12
Q96GA5,PCTK1
Q96GD4,AURKB
Q96GQ7,DDX27
Q96GR2,ACSBG1
Q96GW9,MARS2
Q96GX5,MASTL
Q96H55,MYO19
Q96I59,NARS2
Q96I99,SUCLG2
Q96J65,ABCC12
Q96J66,ABCC11
Q96J92,WNK4
Q96JB1,DNAH8
Q96JP2,MYO15B
Q96KB5,PBK
Q96KG9,SCYL1
Q96L34,MARK4
Q96L35,EPHB4
Q96L91,EP400
Q96L93,KIF16B
Q96L96,ALPK3
Q96LR5,UBE2E2
Q96LW2,RSKR
Q96M32,AK7
Q96M69,LRGUK
Q96M86,DNHD1
Q96MA6,AK8
Q96MM6,HSPA12B
Q96MN2,NLRP4
Q96NX5,CAMK1G
Q96P20,NLRP3
Q96PC2,IP6K3
Q96PF2,TSSK2
Q96PN6,ADCY10
Q96PN8,TSSK3
Q96PY6,NEK1
Q96Q04,LMTK3
Q96Q11,TRNT1
Q96Q15,SMG1
Q96Q40,CDK15
Q96Q89,KIF20B
Q96QE3,ATAD5
Q96QP1,ALPK1
Q96QS6,PSKH2
Q96QT4,TRPM7
Q96QW8,FRAP1
Q96QZ7,MAGI1
Q96RG2,PASK
Q96RQ3,MCCC1
Q96RR1,TWNK
Q96RR4,CAMKK2
Q96RU7,TRIB3
Q96RU8,TRIB1
Q96S38,RPS6KC1
Q96S44,TP53RK
Q96S53,TESK2
Q96S55,WRNIP1
Q96SB4,SRPK1
Q96SB8,SMC6
Q96SF2,CCT8L2
Q96T60,PNKP
Q96T66,NMNAT3
Q96TA2,YME1L1
Q99558,MAP3K14
Q99570,PIK3R4
Q99571,P2RX4
Q99572,P2RX7
Q99611,SEPHS2
Q99640,PKMYT1
Q99661,KIF2C
Q99683,MAP3K5
Q99741,CDC6
Q99755,PIP5K1A
Q99758,ABCA3
Q99759,MAP3K3
Q99832,CCT7
Q99973,TEP1
Q99986,VRK1
Q9BQ39,DDX50
Q9BQI3,EIF2AK1
Q9BRG8,CLK2
Q9BRL4,PCTK1
Q9BRS0,RPS6KB2
Q9BRS2,RIOK1
Q9BRT8,CBWD1
Q9BSD7,NTPCR
Q9BTE6,AARSD1
Q9BTU6,PI4K2A
Q9BUB5,MKNK1
Q9BUQ8,DDX23
Q9BVA6,FICD
Q9BVE2,CDK13
Q9BVG8,KIFC3
Q9BVQ7,SPATA5L1
Q9BVS4,RIOK2
Q9BW19,KIFC1
Q9BW62,KATNAL1
Q9BW92,TARS2
Q9BWT3,PAPOLG
Q9BWU1,CDK19
Q9BWV7,TTLL2
Q9BX63,BRIP1
Q9BX84,TRPM6
Q9BXA6,TSSK6
Q9BXA7,TSSK1B
Q9BXM7,PINK1
Q9BXT6,MOV10L1
Q9BXU1,STK31
Q9BYK8,HELZ2
Q9BYN0,SRXN1
Q9BYP7,WNK3
Q9BYT3,STK33
Q9BYX4,IFIH1
Q9BYX7,POTEKP
Q9BZ23,PANK2
Q9BZC7,ABCA2
Q9BZL6,PRKD2
Q9BZQ4,NMNAT2
Q9BZX2,UCK2
Q9C000,NLRP1
Q9C098,DCLK3
Q9C0C9,UBE2O
Q9C0G6,DNAH6
Q9C0K3,ACTR3C
Q9C0K7,STRADB
Q9GZR7,DDX24
Q9GZT4,SRR
Q9GZZ9,UBA5
Q9H015,SLC22A4
Q9H078,CLPB
Q9H093,NUAK2
Q9H0A0,NAT10
Q9H0K1,SIK2
Q9H0R6,QRSL1
Q9H0S4,DDX47
Q9H172,ABCG4
Q9H1H9,KIF13A
Q9H1R3,MYLK2
Q9H221,ABCG8
Q9H222,ABCG5
Q9H223,EHD4
Q9H2G2,SLK
Q9H2K8,TAOK3
Q9H2U1,DHX36
Q9H2X6,HIPK2
Q9H3H1,TRIT1
Q9H3S4,TPK1
Q9H3Y6,SRMS
Q9H422,HIPK3
Q9H477,RBKS
Q9H479,FN3K
Q9H497,TOR3A
Q9H4A3,WNK1
Q9H4B4,PLK3
Q9H4L7,SMARCAD1
Q9H4M9,EHD1
Q9H5K3,POMK
Q9H5Z1,DHX35
Q9H611,PIF1
Q9H6E5,TUT1
Q9H6R0,DHX33
Q9H6R3,ACSS3
Q9H6S0,YTHDC2
Q9H792,PEAK1
Q9H7F0,ATP13A3
Q9H832,UBE2Z
Q9H8H2,DDX31
Q9H8M5,CNNM2
Q9H8X2,IPPK
Q9H981,ACTR8
Q9H999,PANK3
Q9HA47,UCK1
Q9HA64,FN3KRP
Q9HA77,CARS2
Q9HAN9,NMNAT1
Q9HAQ2,KIF9
Q9HAZ1,CLK4
Q9HBA0,TRPV4
Q9HBH9,MKNK2
Q9HBU6,ETNK1
Q9HBY8,SGK2
Q9HC29,NOD2
Q9HC98,NEK6
Q9HCC0,MCCC2
Q9HCE1,MOV10
Q9HCK8,CHD8
Q9HCP0,CSNK1G1
Q9HD20,ATP13A1
Q9HD67,MYO10
Q9NP58,ABCB6
Q9NP78,ABCB9
Q9NP80,PNPLA8
Q9NP81,SARS2
Q9NPD8,UBE2T
Q9NPI5,NMRK2
Q9NPJ1,MKKS
Q9NPP4,NLRC4
Q9NQ11,ATP13A2
Q9NQI0,DDX4
Q9NQT8,KIF13B
Q9NQU5,PAK6
Q9NQX3,GPHN
Q9NQX4,MYO5C
Q9NQX7,ITM2C
Q9NR19,ACSS2
Q9NR20,DYRK4
Q9NR30,DDX21
Q9NRA0,SPHK2
Q9NRF8,CTPS2
Q9NRH2,SNRK
Q9NRJ5,PAPOLB
Q9NRK6,ABCB10
Q9NRM7,LATS2
Q9NRP7,STK36
Q9NRZ9,HELLS
Q9NS86,LANCL2
Q9NS87,KIF15
Q9NSD9,FARSB
Q9NSE4,IARS2
Q9NSQ6,DKFZp434L0319
Q9NSY0,NRBP2
Q9NSY1,BMP2K
Q9NTI2,ATP8A2
Q9NTI5,PDS5B
Q9NTJ3,SMC4
Q9NTK5,OLA1
Q9NU22,MDN1
Q9NUB1,ACSS1
Q9NUL7,DDX28
Q9NUQ8,ABCF3
Q9NUT2,ABCB8
Q9NUU7,DDX19A
Q9NVE7,PANK4
Q9NVF9,ETNK2
Q9NVI7,ATAD3A
Q9NVP1,DDX18
Q9NVV4,MTPAP
Q9NWW6,NMRK1
Q9NWX6,THG1L
Q9NWZ3,IRAK4
Q9NWZ5,UCKL1
Q9NX02,NLRP2
Q9NXH8,TOR4A
Q9NXL9,MCM9
Q9NXZ2,DDX43
Q9NY57,STK32B
Q9NY93,DDX56
Q9NYA1,SPHK1
Q9NYC9,DNAH9
Q9NYL2,MAP3K20
Q9NYV4,CDK12
Q9NYY3,PLK2
Q9NYY8,FASTKD2
Q9NZ71,RTEL1
Q9NZC9,SMARCAL1
Q9NZJ5,EIF2AK3
Q9NZN3,EHD3
Q9NZN4,EHD2
Q9P0J0,NDUFA13
Q9P0L2,MARK1
Q9P1U1,ACTR3B
Q9P1W9,PIM2
Q9P225,DNAH2
Q9P241,ATP10D
Q9P286,PAK5
Q9P289,STK26
Q9P2D1,CHD7
Q9P2D7,DNAH1
Q9P2E2,KIF17
Q9P2J5,LARS1
Q9P2K8,EIF2AK4
Q9P2P6,STARD9
Q9P2R7,SUCLA2
Q9UBC5,MYO1A
Q9UBE8,NLK
Q9UBF8,PI4KB
Q9UBJ2,ABCD2
Q9UBL9,P2RX2
Q9UBP0,SPAST
Q9UBS0,RPS6KB2
Q9UBT2,UBA2
Q9UEE5,STK17A
Q9UEW8,STK39
Q9UF33,EPHA6
Q9UFH2,DNAH17
Q9UG63,ABCF2
Q9UGI9,PRKAG3
Q9UGJ0,PRKAG2
Q9UGM6,WARS2
Q9UH65,SWAP70
Q9UHC1,MLH3
Q9UHD1,CHORDC1
Q9UHD2,TBK1
Q9UHH9,IP6K2
Q9UHI6,DDX20
Q9UHJ6,SHPK
Q9UHL0,DDX25
Q9UHY1,NRBP1
Q9UIG0,BAZ1B
Q9UIJ7,AK3
Q9UIK4,DAPK2
Q9UIL4,KIF25
Q9UJ70,NAGK
Q9UJA3,MCM8
Q9UJV9,DDX41
Q9UK32,RPS6KA6
Q9UKE5,TNIK
Q9UKI8,TLK1
Q9UKN7,MYO15A
Q9UKU0,ACSL6
Q9UKX2,MYH2
Q9UKX3,MYH13
Q9UL54,TAOK2
Q9ULC5,ACSL5
Q9ULG1,INO80
Q9ULI0,ATAD2B
Q9ULI2,RIMKLB
Q9ULI4,KIF26A
Q9ULV0,MYO5B
Q9ULW0,TPX2
Q9UM54,MYO6
Q9UM73,ALK
Q9UMR2,DDX19B
Q9UN37,VPS4A
Q9UNQ0,ABCG2
Q9UNY4,TTF2
Q9UPE1,SRPK3
Q9UPJ8,PkB-like
Q9UPQ8,DOLK
Q9UPY3,DICER1
Q9UPZ9,CILK1
Q9UQ07,MOK
Q9UQ88,CDK11A
Q9UQ90,SPG7
Q9UQB9,AURKC
Q9UQD0,SCN8A
Q9UQE7,SMC3
Q9UQM7,CAMK2A
Q9Y223,GNE
Q9Y230,RUVBL2
Q9Y239,NOD1
Q9Y243,AKT3
Q9Y259,CHKB
Q9Y265,RUVBL1
Q9Y276,BCS1L
Q9Y285,FARSA
Q9Y287,ITM2B
Q9Y2G3,ATP11B
Q9Y2H1,STK38L
Q9Y2H9,MAST1
Q9Y2I7,PIKFYVE
Q9Y2K2,SIK3
Q9Y2K3,MYH15
Q9Y2P5,SLC27A5
Q9Y2Q0,ATP8A1
Q9Y2R4,DDX52
Q9Y2U5,MAP3K2
Q9Y2W1,THRAP3
Q9Y2X8,UBE2D4
Q9Y2Z4,YARS2
Q9Y385,UBE2J1
Q9Y3D8,AK6
Q9Y3I0,RTCB
Q9Y3S1,WNK2
Q9Y463,DYRK1B
Q9Y478,PRKAB1
Q9Y496,KIF3A
Q9Y4A5,TRRAP
Q9Y4B4,RAD54L2
Q9Y4B6,DCAF1
Q9Y4I1,MYO5A
Q9Y4K4,MAP4K5
Q9Y4L1,HYOU1
Q9Y4R7,TTLL3
Q9Y4W6,AFG3L2
Q9Y572,RIPK3
Q9Y5B8,NME7
Q9Y5K1,SPO11
Q9Y5L3,ENTPD2
Q9Y5S2,CDC42BPB
Q9Y5Y2,NUBP2
Q9Y616,IRAK3
Q9Y620,RAD54B
Q9Y623,MYH4
Q9Y6E0,STK24
Q9Y6G9,DYNC1LI1
Q9Y6K5,OAS3
Q9Y6K8,AK5
Q9Y6M4,CSNK1G3
Q9Y6R4,MAP3K4
Q9Y6S9,RPS6KL1
Q9Y6T7,DGKB
Q9Y6V7,DDX49
Q9Y6X6,MYO16
Q9Y6X9,MORC2
S4R381,FGFR2
U3KQA5,CSNK1G1
U3KQB3,CSNK1G1
U3NG26,BTK
U6FSN9,Mprip-Ntrk1
U6FVB0,CD74-Ntrk1
V5YQL4,FGFR2-AHCYL1
V5YQU3,FGFR2-BICC1
V9HW00,HEL-S-77p
V9HW16,HEL-S-90
V9HW85,HEL-S-272
V9HWB8,HEL-S-30
V9HWF4,HEL-S-68p
W0S0D3,Pe1Fe13
W0S0X4,Pe1Fe3
W0S1B5,Pe1Fe6
W0S1J7,Pe7Fe14
W0S4B9,FER
W8DXL6,TGFBR2
W8DXU8,TGFBR2
W8DY43,TGFBR2
W8DYI2,TGFBR2
X5D2G8,FGFR3
X5D2R1,NTRK3
X5D7M5,NTRK3
X5D991,NTRK1
X5DNW6,NTRK3
X5DR71,NTRK1
X6R8H3,SGK2
X6RHF8,PDIK1L